-- OpenED Seed Data: Security+ course with creator

-- Demo user profile (bypasses auth.users FK for development)
INSERT INTO auth.users (id, instance_id, aud, role, email, encrypted_password, email_confirmed_at, created_at, updated_at, confirmation_token, recovery_token)
VALUES ('a1111111-1111-1111-1111-111111111111', '00000000-0000-0000-0000-000000000000', 'authenticated', 'authenticated', 'demo@opened.app', '$2a$10$demo', now(), now(), now(), '', '')
ON CONFLICT (id) DO NOTHING;

INSERT INTO profiles (id, display_name, role, onboarding_complete)
VALUES ('a1111111-1111-1111-1111-111111111111', 'John Doe', 'creator', true)
ON CONFLICT (id) DO NOTHING;

-- Creator: Jason Dion (uses demo user ID)
INSERT INTO creators (id, user_id, creator_name, bio, expertise_areas, credentials, status) VALUES
  ('c0000000-0000-0000-0000-000000000001', 'a1111111-1111-1111-1111-111111111111', 'Jason Dion', '15+ years in cybersecurity education. CompTIA certified instructor with 2.8M+ enrolled students.', ARRAY['cybersecurity', 'comptia', 'networking'], 'CISSP, Security+, Network+, CySA+', 'approved');

-- Courses
INSERT INTO courses (id, creator_id, title, slug, description, category, difficulty, is_free, price_cents, exam_fee_cents, passing_score, max_score, exam_duration_minutes, total_questions_on_exam, provider_name, provider_url, status, published_at) VALUES
  ('ca000000-0000-0000-0000-000000000001', 'c0000000-0000-0000-0000-000000000001', 'CompTIA Security+ SY0-701', 'comptia-security-plus-sy0-701', 'Master the CompTIA Security+ SY0-701 exam with 830 practice questions across all 5 domains, adaptive spaced repetition, and detailed explanations.', 'certification', 'intermediate', false, 1499, 40400, 750, 900, 90, 90, 'CompTIA', 'https://www.comptia.org/certifications/security', 'published', now()),
  ('ca000000-0000-0000-0000-000000000002', 'c0000000-0000-0000-0000-000000000001', 'CompTIA A+ Core 1', 'comptia-a-plus-core-1', 'Comprehensive preparation for the CompTIA A+ Core 1 (220-1101) exam.', 'certification', 'beginner', false, 1499, 35800, 675, 900, 90, 90, 'CompTIA', 'https://www.comptia.org/certifications/a', 'published', now()),
  ('ca000000-0000-0000-0000-000000000003', 'c0000000-0000-0000-0000-000000000001', 'World Geography', 'world-geography', 'Learn about countries, capitals, continents, and geographic features.', 'general_knowledge', 'beginner', true, 0, NULL, NULL, NULL, NULL, NULL, 'openED', NULL, 'published', now());

-- Modules for Security+
INSERT INTO modules (id, course_id, title, description, weight_percent, display_order) VALUES
  ('b0000000-0000-0000-0000-000000000001', 'ca000000-0000-0000-0000-000000000001', 'General Security Concepts', 'Fundamental security concepts, threat types, and security controls.', 12, 1),
  ('b0000000-0000-0000-0000-000000000002', 'ca000000-0000-0000-0000-000000000001', 'Threats, Vulnerabilities, and Mitigations', 'Common threat actors, attack vectors, and vulnerability types.', 22, 2),
  ('b0000000-0000-0000-0000-000000000003', 'ca000000-0000-0000-0000-000000000001', 'Security Architecture', 'Network architecture, secure infrastructure, and resilience.', 18, 3),
  ('b0000000-0000-0000-0000-000000000004', 'ca000000-0000-0000-0000-000000000001', 'Security Operations', 'Security monitoring, incident response, and data management.', 28, 4),
  ('b0000000-0000-0000-0000-000000000005', 'ca000000-0000-0000-0000-000000000001', 'Security Program Management', 'Governance, risk, compliance, and security awareness.', 20, 5);

-- Topics
INSERT INTO topics (id, module_id, course_id, title, description, display_order, guidebook_content) VALUES
  ('d0000000-0000-0000-0000-000000000001', 'b0000000-0000-0000-0000-000000000001', 'ca000000-0000-0000-0000-000000000001', 'Security Concepts', 'CIA triad, AAA framework', 1, '## Security Concepts

The **CIA Triad** forms the foundation of information security:
- **Confidentiality**: Ensuring information is only accessible to authorized individuals
- **Integrity**: Ensuring data remains accurate and unaltered
- **Availability**: Ensuring systems and data are accessible when needed

*Exam tip: CIA triad questions appear in almost every Security+ exam.*'),
  ('d0000000-0000-0000-0000-000000000002', 'b0000000-0000-0000-0000-000000000001', 'ca000000-0000-0000-0000-000000000001', 'Security Controls', 'Technical, managerial, operational, physical controls', 2, '## Security Controls

- **Technical**: Firewalls, encryption, IDS/IPS
- **Managerial**: Policies, risk assessments
- **Operational**: Guards, procedures, training
- **Physical**: Locks, fences, cameras'),
  ('d0000000-0000-0000-0000-000000000003', 'b0000000-0000-0000-0000-000000000001', 'ca000000-0000-0000-0000-000000000001', 'Change Management', 'Change management processes', 3, NULL),
  ('d0000000-0000-0000-0000-000000000004', 'b0000000-0000-0000-0000-000000000001', 'ca000000-0000-0000-0000-000000000001', 'Cryptography', 'Symmetric, asymmetric, hashing, PKI', 4, '## Cryptography

**Symmetric**: Same key encrypts/decrypts (AES)
**Asymmetric**: Public/private key pair (RSA, ECC)
**Hashing**: One-way function (SHA-256)

*Exam tip: Know symmetric (fast, shared key) vs asymmetric (slow, key pair).*');

INSERT INTO topics (id, module_id, course_id, title, description, display_order, guidebook_content) VALUES
  ('d0000000-0000-0000-0000-000000000005', 'b0000000-0000-0000-0000-000000000002', 'ca000000-0000-0000-0000-000000000001', 'Threat Actors', 'Nation-states, hacktivists, insiders', 1, NULL),
  ('d0000000-0000-0000-0000-000000000006', 'b0000000-0000-0000-0000-000000000002', 'ca000000-0000-0000-0000-000000000001', 'Threat Vectors', 'Attack surfaces and vectors', 2, NULL),
  ('d0000000-0000-0000-0000-000000000007', 'b0000000-0000-0000-0000-000000000002', 'ca000000-0000-0000-0000-000000000001', 'Social Engineering', 'Phishing, vishing, smishing, pretexting', 3, '## Social Engineering

- **Phishing** — fraudulent emails with deceptive links
- **Vishing** — voice-based phishing
- **Smishing** — SMS-based phishing
- **Pretexting** — fabricating a scenario to gain trust
- **Tailgating** — following authorized personnel into secure areas

*Exam tip: phishing = email, vishing = voice, smishing = SMS.*'),
  ('d0000000-0000-0000-0000-000000000008', 'b0000000-0000-0000-0000-000000000002', 'ca000000-0000-0000-0000-000000000001', 'Vulnerabilities', 'Software and configuration vulnerabilities', 4, NULL),
  ('d0000000-0000-0000-0000-000000000009', 'b0000000-0000-0000-0000-000000000002', 'ca000000-0000-0000-0000-000000000001', 'Malicious Activity', 'Malware types, indicators of compromise', 5, NULL);

INSERT INTO topics (id, module_id, course_id, title, description, display_order) VALUES
  ('d0000000-0000-0000-0000-000000000010', 'b0000000-0000-0000-0000-000000000003', 'ca000000-0000-0000-0000-000000000001', 'Network Security', 'Firewalls, VPNs, segmentation', 1),
  ('d0000000-0000-0000-0000-000000000011', 'b0000000-0000-0000-0000-000000000003', 'ca000000-0000-0000-0000-000000000001', 'Secure Infrastructure', 'Cloud, virtualization, containers', 2),
  ('d0000000-0000-0000-0000-000000000012', 'b0000000-0000-0000-0000-000000000003', 'ca000000-0000-0000-0000-000000000001', 'Data Protection', 'Encryption, DLP, classification', 3),
  ('d0000000-0000-0000-0000-000000000013', 'b0000000-0000-0000-0000-000000000004', 'ca000000-0000-0000-0000-000000000001', 'Security Monitoring', 'SIEM, log analysis, alerting', 1),
  ('d0000000-0000-0000-0000-000000000014', 'b0000000-0000-0000-0000-000000000004', 'ca000000-0000-0000-0000-000000000001', 'Incident Response', 'IR process, containment, recovery', 2),
  ('d0000000-0000-0000-0000-000000000015', 'b0000000-0000-0000-0000-000000000004', 'ca000000-0000-0000-0000-000000000001', 'Digital Forensics', 'Evidence, chain of custody', 3),
  ('d0000000-0000-0000-0000-000000000016', 'b0000000-0000-0000-0000-000000000004', 'ca000000-0000-0000-0000-000000000001', 'Automation', 'SOAR, scripting, automation', 4),
  ('d0000000-0000-0000-0000-000000000017', 'b0000000-0000-0000-0000-000000000005', 'ca000000-0000-0000-0000-000000000001', 'Governance', 'Policies, standards, guidelines', 1),
  ('d0000000-0000-0000-0000-000000000018', 'b0000000-0000-0000-0000-000000000005', 'ca000000-0000-0000-0000-000000000001', 'Risk Management', 'Risk assessment, frameworks', 2),
  ('d0000000-0000-0000-0000-000000000019', 'b0000000-0000-0000-0000-000000000005', 'ca000000-0000-0000-0000-000000000001', 'Compliance', 'Regulations, standards, audits', 3),
  ('d0000000-0000-0000-0000-000000000020', 'b0000000-0000-0000-0000-000000000005', 'ca000000-0000-0000-0000-000000000001', 'Security Awareness', 'Training, phishing simulations', 4);

-- 50 Questions across all topics
INSERT INTO questions (id, topic_id, module_id, course_id, creator_id, question_text, question_type, options, correct_option_ids, explanation, difficulty, tags, source) VALUES
('e0000000-0000-0000-0000-000000000001', 'd0000000-0000-0000-0000-000000000001', 'b0000000-0000-0000-0000-000000000001', 'ca000000-0000-0000-0000-000000000001', 'c0000000-0000-0000-0000-000000000001', 'Which of the following BEST describes the concept of confidentiality in the CIA triad?', 'multiple_choice', '[{"id":"a","text":"Ensuring data is accessible when needed"},{"id":"b","text":"Ensuring data is not modified without authorization"},{"id":"c","text":"Ensuring data is only accessible to authorized individuals"},{"id":"d","text":"Ensuring data can be recovered after a disaster"}]', '{c}', 'Confidentiality ensures that information is only accessible to those authorized to view it.', 2, '{cia-triad,confidentiality}', 'creator_original'),
('e0000000-0000-0000-0000-000000000002', 'd0000000-0000-0000-0000-000000000001', 'b0000000-0000-0000-0000-000000000001', 'ca000000-0000-0000-0000-000000000001', 'c0000000-0000-0000-0000-000000000001', 'What are the three components of the AAA framework?', 'multiple_choice', '[{"id":"a","text":"Authentication, Authorization, Accounting"},{"id":"b","text":"Authentication, Access, Auditing"},{"id":"c","text":"Authorization, Access, Accounting"},{"id":"d","text":"Authentication, Administration, Auditing"}]', '{a}', 'AAA stands for Authentication, Authorization, and Accounting.', 2, '{aaa,authentication}', 'creator_original'),
('e0000000-0000-0000-0000-000000000003', 'd0000000-0000-0000-0000-000000000001', 'b0000000-0000-0000-0000-000000000001', 'ca000000-0000-0000-0000-000000000001', 'c0000000-0000-0000-0000-000000000001', 'A hashing algorithm ensures which element of the CIA triad?', 'multiple_choice', '[{"id":"a","text":"Confidentiality"},{"id":"b","text":"Integrity"},{"id":"c","text":"Availability"},{"id":"d","text":"Non-repudiation"}]', '{b}', 'Hashing verifies data integrity by producing a unique fixed-length output.', 3, '{cia-triad,integrity,hashing}', 'creator_original'),
('e0000000-0000-0000-0000-000000000004', 'd0000000-0000-0000-0000-000000000001', 'b0000000-0000-0000-0000-000000000001', 'ca000000-0000-0000-0000-000000000001', 'c0000000-0000-0000-0000-000000000001', 'Which type of authentication factor is a fingerprint scanner?', 'multiple_choice', '[{"id":"a","text":"Something you know"},{"id":"b","text":"Something you have"},{"id":"c","text":"Something you are"},{"id":"d","text":"Somewhere you are"}]', '{c}', 'A fingerprint is a biometric factor — something you are.', 1, '{authentication,biometrics}', 'creator_original'),
('e0000000-0000-0000-0000-000000000005', 'd0000000-0000-0000-0000-000000000001', 'b0000000-0000-0000-0000-000000000001', 'ca000000-0000-0000-0000-000000000001', 'c0000000-0000-0000-0000-000000000001', 'Which of the following BEST describes defense in depth?', 'multiple_choice', '[{"id":"a","text":"Using a single, strong security control"},{"id":"b","text":"Implementing multiple layers of security controls"},{"id":"c","text":"Focusing all resources on perimeter security"},{"id":"d","text":"Relying on user training as the primary defense"}]', '{b}', 'Defense in depth uses multiple overlapping security layers.', 2, '{defense-in-depth}', 'creator_original'),
('e0000000-0000-0000-0000-000000000006', 'd0000000-0000-0000-0000-000000000002', 'b0000000-0000-0000-0000-000000000001', 'ca000000-0000-0000-0000-000000000001', 'c0000000-0000-0000-0000-000000000001', 'A firewall is an example of which type of security control?', 'multiple_choice', '[{"id":"a","text":"Managerial"},{"id":"b","text":"Operational"},{"id":"c","text":"Technical"},{"id":"d","text":"Physical"}]', '{c}', 'Firewalls are technical controls that filter network traffic.', 1, '{security-controls,firewall}', 'creator_original'),
('e0000000-0000-0000-0000-000000000007', 'd0000000-0000-0000-0000-000000000002', 'b0000000-0000-0000-0000-000000000001', 'ca000000-0000-0000-0000-000000000001', 'c0000000-0000-0000-0000-000000000001', 'Which control type aims to PREVENT a security incident?', 'multiple_choice', '[{"id":"a","text":"Detective control"},{"id":"b","text":"Corrective control"},{"id":"c","text":"Preventive control"},{"id":"d","text":"Compensating control"}]', '{c}', 'Preventive controls stop incidents before they happen.', 2, '{security-controls,preventive}', 'creator_original'),
('e0000000-0000-0000-0000-000000000008', 'd0000000-0000-0000-0000-000000000002', 'b0000000-0000-0000-0000-000000000001', 'ca000000-0000-0000-0000-000000000001', 'c0000000-0000-0000-0000-000000000001', 'Security awareness training is which control category?', 'multiple_choice', '[{"id":"a","text":"Technical"},{"id":"b","text":"Physical"},{"id":"c","text":"Operational"},{"id":"d","text":"Compensating"}]', '{c}', 'Training is an operational control involving people and processes.', 2, '{security-controls,operational}', 'creator_original'),
('e0000000-0000-0000-0000-000000000009', 'd0000000-0000-0000-0000-000000000002', 'b0000000-0000-0000-0000-000000000001', 'ca000000-0000-0000-0000-000000000001', 'c0000000-0000-0000-0000-000000000001', 'An IDS that alerts on suspicious activity is what type of control?', 'multiple_choice', '[{"id":"a","text":"Preventive"},{"id":"b","text":"Detective"},{"id":"c","text":"Corrective"},{"id":"d","text":"Deterrent"}]', '{b}', 'An IDS monitors and alerts but does not block traffic.', 2, '{security-controls,detective}', 'creator_original'),
('e0000000-0000-0000-0000-000000000010', 'd0000000-0000-0000-0000-000000000002', 'b0000000-0000-0000-0000-000000000001', 'ca000000-0000-0000-0000-000000000001', 'c0000000-0000-0000-0000-000000000001', 'Which are physical security controls? (Select TWO)', 'multiple_select', '[{"id":"a","text":"Encryption"},{"id":"b","text":"Security cameras"},{"id":"c","text":"Bollards"},{"id":"d","text":"ACLs"},{"id":"e","text":"Firewall rules"}]', '{b,c}', 'Security cameras and bollards are physical controls.', 3, '{security-controls,physical}', 'creator_original'),
('e0000000-0000-0000-0000-000000000011', 'd0000000-0000-0000-0000-000000000004', 'b0000000-0000-0000-0000-000000000001', 'ca000000-0000-0000-0000-000000000001', 'c0000000-0000-0000-0000-000000000001', 'Which symmetric encryption algorithm uses 128, 192, or 256-bit keys?', 'multiple_choice', '[{"id":"a","text":"RSA"},{"id":"b","text":"DES"},{"id":"c","text":"AES"},{"id":"d","text":"ECC"}]', '{c}', 'AES supports 128, 192, and 256-bit key lengths.', 2, '{cryptography,aes}', 'creator_original'),
('e0000000-0000-0000-0000-000000000012', 'd0000000-0000-0000-0000-000000000004', 'b0000000-0000-0000-0000-000000000001', 'ca000000-0000-0000-0000-000000000001', 'c0000000-0000-0000-0000-000000000001', 'Asymmetric encryption uses which of the following?', 'multiple_choice', '[{"id":"a","text":"A single shared key"},{"id":"b","text":"A public and private key pair"},{"id":"c","text":"No keys at all"},{"id":"d","text":"Three rotating keys"}]', '{b}', 'Asymmetric uses a public key for encryption and private key for decryption.', 1, '{cryptography,asymmetric}', 'creator_original'),
('e0000000-0000-0000-0000-000000000013', 'd0000000-0000-0000-0000-000000000004', 'b0000000-0000-0000-0000-000000000001', 'ca000000-0000-0000-0000-000000000001', 'c0000000-0000-0000-0000-000000000001', 'SHA-256 is what type of cryptographic function?', 'multiple_choice', '[{"id":"a","text":"Symmetric encryption"},{"id":"b","text":"Asymmetric encryption"},{"id":"c","text":"Hashing"},{"id":"d","text":"Key exchange"}]', '{c}', 'SHA-256 is a hashing algorithm producing a 256-bit digest.', 2, '{cryptography,hashing}', 'creator_original'),
('e0000000-0000-0000-0000-000000000014', 'd0000000-0000-0000-0000-000000000004', 'b0000000-0000-0000-0000-000000000001', 'ca000000-0000-0000-0000-000000000001', 'c0000000-0000-0000-0000-000000000001', 'Which algorithm allows key exchange without transmitting the key?', 'multiple_choice', '[{"id":"a","text":"AES"},{"id":"b","text":"SHA-256"},{"id":"c","text":"Diffie-Hellman"},{"id":"d","text":"MD5"}]', '{c}', 'Diffie-Hellman establishes a shared secret over an insecure channel.', 3, '{cryptography,diffie-hellman}', 'creator_original'),
('e0000000-0000-0000-0000-000000000015', 'd0000000-0000-0000-0000-000000000004', 'b0000000-0000-0000-0000-000000000001', 'ca000000-0000-0000-0000-000000000001', 'c0000000-0000-0000-0000-000000000001', 'True or False: MD5 is considered secure for password storage.', 'true_false', '[{"id":"a","text":"True"},{"id":"b","text":"False"}]', '{b}', 'MD5 is cryptographically broken. Use bcrypt or Argon2.', 1, '{cryptography,md5}', 'creator_original'),
('e0000000-0000-0000-0000-000000000016', 'd0000000-0000-0000-0000-000000000007', 'b0000000-0000-0000-0000-000000000002', 'ca000000-0000-0000-0000-000000000001', 'c0000000-0000-0000-0000-000000000001', 'An attacker calls IT pretending to be the CEO for a password reset. Which technique?', 'multiple_choice', '[{"id":"a","text":"Pretexting"},{"id":"b","text":"Tailgating"},{"id":"c","text":"Watering hole"},{"id":"d","text":"Shoulder surfing"}]', '{a}', 'Pretexting involves creating a fabricated scenario to gain trust.', 2, '{social-engineering,pretexting}', 'creator_original'),
('e0000000-0000-0000-0000-000000000017', 'd0000000-0000-0000-0000-000000000007', 'b0000000-0000-0000-0000-000000000002', 'ca000000-0000-0000-0000-000000000001', 'c0000000-0000-0000-0000-000000000001', 'An email with a misspelled bank URL is an example of:', 'multiple_choice', '[{"id":"a","text":"Vishing"},{"id":"b","text":"Smishing"},{"id":"c","text":"Phishing"},{"id":"d","text":"Pharming"}]', '{c}', 'Phishing uses fraudulent emails with deceptive links.', 1, '{social-engineering,phishing}', 'creator_original'),
('e0000000-0000-0000-0000-000000000018', 'd0000000-0000-0000-0000-000000000007', 'b0000000-0000-0000-0000-000000000002', 'ca000000-0000-0000-0000-000000000001', 'c0000000-0000-0000-0000-000000000001', 'Following an authorized person through a secure door is:', 'multiple_choice', '[{"id":"a","text":"Phishing"},{"id":"b","text":"Tailgating"},{"id":"c","text":"Pretexting"},{"id":"d","text":"Baiting"}]', '{b}', 'Tailgating involves following authorized personnel through secured entrances.', 1, '{social-engineering,tailgating}', 'creator_original'),
('e0000000-0000-0000-0000-000000000019', 'd0000000-0000-0000-0000-000000000007', 'b0000000-0000-0000-0000-000000000002', 'ca000000-0000-0000-0000-000000000001', 'c0000000-0000-0000-0000-000000000001', 'Compromising a frequently visited website to attack its visitors is:', 'multiple_choice', '[{"id":"a","text":"Spear phishing"},{"id":"b","text":"Watering hole attack"},{"id":"c","text":"Drive-by download"},{"id":"d","text":"XSS"}]', '{b}', 'A watering hole attack compromises websites the target audience visits.', 3, '{social-engineering,watering-hole}', 'creator_original'),
('e0000000-0000-0000-0000-000000000020', 'd0000000-0000-0000-0000-000000000007', 'b0000000-0000-0000-0000-000000000002', 'ca000000-0000-0000-0000-000000000001', 'c0000000-0000-0000-0000-000000000001', 'Which technique uses text messages to trick victims?', 'multiple_choice', '[{"id":"a","text":"Phishing"},{"id":"b","text":"Vishing"},{"id":"c","text":"Smishing"},{"id":"d","text":"Whaling"}]', '{c}', 'Smishing (SMS phishing) uses text messages.', 1, '{social-engineering,smishing}', 'creator_original'),
('e0000000-0000-0000-0000-000000000021', 'd0000000-0000-0000-0000-000000000005', 'b0000000-0000-0000-0000-000000000002', 'ca000000-0000-0000-0000-000000000001', 'c0000000-0000-0000-0000-000000000001', 'Which threat actor has the MOST resources?', 'multiple_choice', '[{"id":"a","text":"Script kiddies"},{"id":"b","text":"Hacktivists"},{"id":"c","text":"Nation-state actors"},{"id":"d","text":"Insider threats"}]', '{c}', 'Nation-state actors are government-sponsored with unlimited resources.', 2, '{threat-actors,nation-state}', 'creator_original'),
('e0000000-0000-0000-0000-000000000022', 'd0000000-0000-0000-0000-000000000005', 'b0000000-0000-0000-0000-000000000002', 'ca000000-0000-0000-0000-000000000001', 'c0000000-0000-0000-0000-000000000001', 'An employee stealing data before leaving is what type of threat?', 'multiple_choice', '[{"id":"a","text":"External"},{"id":"b","text":"Insider threat"},{"id":"c","text":"APT"},{"id":"d","text":"Script kiddie"}]', '{b}', 'Insider threats come from within the organization.', 1, '{threat-actors,insider}', 'creator_original'),
('e0000000-0000-0000-0000-000000000023', 'd0000000-0000-0000-0000-000000000005', 'b0000000-0000-0000-0000-000000000002', 'ca000000-0000-0000-0000-000000000001', 'c0000000-0000-0000-0000-000000000001', 'Hacktivists are primarily motivated by:', 'multiple_choice', '[{"id":"a","text":"Financial gain"},{"id":"b","text":"Political or social causes"},{"id":"c","text":"Espionage"},{"id":"d","text":"Entertainment"}]', '{b}', 'Hacktivists are motivated by political or social causes.', 2, '{threat-actors,hacktivist}', 'creator_original'),
('e0000000-0000-0000-0000-000000000024', 'd0000000-0000-0000-0000-000000000006', 'b0000000-0000-0000-0000-000000000002', 'ca000000-0000-0000-0000-000000000001', 'c0000000-0000-0000-0000-000000000001', 'Which is an example of an attack vector?', 'multiple_choice', '[{"id":"a","text":"Security policy"},{"id":"b","text":"Phishing email"},{"id":"c","text":"Firewall rule"},{"id":"d","text":"Audit report"}]', '{b}', 'An attack vector is the method an attacker uses to gain access.', 1, '{threat-vectors}', 'creator_original'),
('e0000000-0000-0000-0000-000000000025', 'd0000000-0000-0000-0000-000000000005', 'b0000000-0000-0000-0000-000000000002', 'ca000000-0000-0000-0000-000000000001', 'c0000000-0000-0000-0000-000000000001', 'Organized cybercrime groups are primarily motivated by:', 'multiple_choice', '[{"id":"a","text":"Political activism"},{"id":"b","text":"National security"},{"id":"c","text":"Financial gain"},{"id":"d","text":"Research"}]', '{c}', 'Organized cybercrime is motivated by financial gain.', 1, '{threat-actors,organized-crime}', 'creator_original'),
('e0000000-0000-0000-0000-000000000026', 'd0000000-0000-0000-0000-000000000008', 'b0000000-0000-0000-0000-000000000002', 'ca000000-0000-0000-0000-000000000001', 'c0000000-0000-0000-0000-000000000001', 'SQL injection exploits which vulnerability type?', 'multiple_choice', '[{"id":"a","text":"Hardware"},{"id":"b","text":"Input validation"},{"id":"c","text":"Physical"},{"id":"d","text":"Wireless"}]', '{b}', 'SQL injection exploits input validation vulnerabilities.', 2, '{vulnerabilities,sql-injection}', 'creator_original'),
('e0000000-0000-0000-0000-000000000027', 'd0000000-0000-0000-0000-000000000008', 'b0000000-0000-0000-0000-000000000002', 'ca000000-0000-0000-0000-000000000001', 'c0000000-0000-0000-0000-000000000001', 'What is a zero-day vulnerability?', 'multiple_choice', '[{"id":"a","text":"A patched vulnerability"},{"id":"b","text":"Unknown to vendor, no patch available"},{"id":"c","text":"Open-source only"},{"id":"d","text":"Server-only"}]', '{b}', 'Zero-day is unknown to the vendor with no available patch.', 2, '{vulnerabilities,zero-day}', 'creator_original'),
('e0000000-0000-0000-0000-000000000028', 'd0000000-0000-0000-0000-000000000009', 'b0000000-0000-0000-0000-000000000002', 'ca000000-0000-0000-0000-000000000001', 'c0000000-0000-0000-0000-000000000001', 'Which malware encrypts files and demands payment?', 'multiple_choice', '[{"id":"a","text":"Trojan"},{"id":"b","text":"Worm"},{"id":"c","text":"Ransomware"},{"id":"d","text":"Adware"}]', '{c}', 'Ransomware encrypts files and demands ransom payment.', 1, '{malware,ransomware}', 'creator_original'),
('e0000000-0000-0000-0000-000000000029', 'd0000000-0000-0000-0000-000000000009', 'b0000000-0000-0000-0000-000000000002', 'ca000000-0000-0000-0000-000000000001', 'c0000000-0000-0000-0000-000000000001', 'What distinguishes a worm from a virus?', 'multiple_choice', '[{"id":"a","text":"Worms need user interaction"},{"id":"b","text":"Worms self-replicate without user interaction"},{"id":"c","text":"Viruses are more dangerous"},{"id":"d","text":"Worms only affect mobile"}]', '{b}', 'Worms self-replicate without user interaction.', 2, '{malware,worm}', 'creator_original'),
('e0000000-0000-0000-0000-000000000030', 'd0000000-0000-0000-0000-000000000009', 'b0000000-0000-0000-0000-000000000002', 'ca000000-0000-0000-0000-000000000001', 'c0000000-0000-0000-0000-000000000001', 'A program appearing legitimate but containing hidden malicious code is a:', 'multiple_choice', '[{"id":"a","text":"Virus"},{"id":"b","text":"Worm"},{"id":"c","text":"Trojan"},{"id":"d","text":"Rootkit"}]', '{c}', 'A Trojan disguises itself as legitimate software.', 1, '{malware,trojan}', 'creator_original'),
('e0000000-0000-0000-0000-000000000031', 'd0000000-0000-0000-0000-000000000010', 'b0000000-0000-0000-0000-000000000003', 'ca000000-0000-0000-0000-000000000001', 'c0000000-0000-0000-0000-000000000001', 'What is the primary purpose of a VLAN?', 'multiple_choice', '[{"id":"a","text":"Encrypt traffic"},{"id":"b","text":"Segment network traffic logically"},{"id":"c","text":"Provide wireless access"},{"id":"d","text":"Load balance servers"}]', '{b}', 'VLANs logically segment a network into separate broadcast domains.', 2, '{network-security,vlan}', 'creator_original'),
('e0000000-0000-0000-0000-000000000032', 'd0000000-0000-0000-0000-000000000010', 'b0000000-0000-0000-0000-000000000003', 'ca000000-0000-0000-0000-000000000001', 'c0000000-0000-0000-0000-000000000001', 'A VPN provides which security benefit?', 'multiple_choice', '[{"id":"a","text":"Prevents all malware"},{"id":"b","text":"Encrypts data in transit"},{"id":"c","text":"Eliminates insider threats"},{"id":"d","text":"Replaces firewalls"}]', '{b}', 'VPNs create encrypted tunnels for data in transit.', 1, '{network-security,vpn}', 'creator_original'),
('e0000000-0000-0000-0000-000000000033', 'd0000000-0000-0000-0000-000000000010', 'b0000000-0000-0000-0000-000000000003', 'ca000000-0000-0000-0000-000000000001', 'c0000000-0000-0000-0000-000000000001', 'Which firewall operates at Layer 7?', 'multiple_choice', '[{"id":"a","text":"Packet filtering"},{"id":"b","text":"Stateful"},{"id":"c","text":"WAF"},{"id":"d","text":"Circuit-level gateway"}]', '{c}', 'A WAF operates at Layer 7, inspecting HTTP/HTTPS traffic.', 3, '{network-security,waf}', 'creator_original'),
('e0000000-0000-0000-0000-000000000034', 'd0000000-0000-0000-0000-000000000011', 'b0000000-0000-0000-0000-000000000003', 'ca000000-0000-0000-0000-000000000001', 'c0000000-0000-0000-0000-000000000001', 'In cloud shared responsibility, who handles data security?', 'multiple_choice', '[{"id":"a","text":"Only provider"},{"id":"b","text":"Only customer"},{"id":"c","text":"Both, depending on service model"},{"id":"d","text":"Neither"}]', '{c}', 'Responsibilities are shared based on IaaS/PaaS/SaaS model.', 3, '{cloud-security}', 'creator_original'),
('e0000000-0000-0000-0000-000000000035', 'd0000000-0000-0000-0000-000000000012', 'b0000000-0000-0000-0000-000000000003', 'ca000000-0000-0000-0000-000000000001', 'c0000000-0000-0000-0000-000000000001', 'DLP technology is designed to:', 'multiple_choice', '[{"id":"a","text":"Recover lost data"},{"id":"b","text":"Prevent sensitive data from leaving the organization"},{"id":"c","text":"Encrypt all traffic"},{"id":"d","text":"Monitor productivity"}]', '{b}', 'DLP prevents sensitive data from being transmitted outside.', 2, '{data-protection,dlp}', 'creator_original'),
('e0000000-0000-0000-0000-000000000036', 'd0000000-0000-0000-0000-000000000013', 'b0000000-0000-0000-0000-000000000004', 'ca000000-0000-0000-0000-000000000001', 'c0000000-0000-0000-0000-000000000001', 'What is the primary function of a SIEM?', 'multiple_choice', '[{"id":"a","text":"Block attacks"},{"id":"b","text":"Collect, correlate, and analyze security logs"},{"id":"c","text":"Encrypt data at rest"},{"id":"d","text":"Manage authentication"}]', '{b}', 'SIEM collects and correlates security events from multiple sources.', 2, '{siem,monitoring}', 'creator_original'),
('e0000000-0000-0000-0000-000000000037', 'd0000000-0000-0000-0000-000000000013', 'b0000000-0000-0000-0000-000000000004', 'ca000000-0000-0000-0000-000000000001', 'c0000000-0000-0000-0000-000000000001', 'Which is an indicator of compromise?', 'multiple_choice', '[{"id":"a","text":"Scheduled backups"},{"id":"b","text":"Unusual outbound traffic"},{"id":"c","text":"Successful login"},{"id":"d","text":"Completed patch"}]', '{b}', 'Unusual outbound traffic may indicate data exfiltration.', 2, '{ioc,monitoring}', 'creator_original'),
('e0000000-0000-0000-0000-000000000038', 'd0000000-0000-0000-0000-000000000014', 'b0000000-0000-0000-0000-000000000004', 'ca000000-0000-0000-0000-000000000001', 'c0000000-0000-0000-0000-000000000001', 'What is the FIRST step in incident response?', 'multiple_choice', '[{"id":"a","text":"Containment"},{"id":"b","text":"Eradication"},{"id":"c","text":"Preparation"},{"id":"d","text":"Recovery"}]', '{c}', 'IR process: Preparation → Detection → Containment → Eradication → Recovery → Lessons Learned.', 2, '{incident-response}', 'creator_original'),
('e0000000-0000-0000-0000-000000000039', 'd0000000-0000-0000-0000-000000000014', 'b0000000-0000-0000-0000-000000000004', 'ca000000-0000-0000-0000-000000000001', 'c0000000-0000-0000-0000-000000000001', 'Which phase completely removes the threat?', 'multiple_choice', '[{"id":"a","text":"Detection"},{"id":"b","text":"Containment"},{"id":"c","text":"Eradication"},{"id":"d","text":"Recovery"}]', '{c}', 'Eradication completely removes the threat from the environment.', 2, '{incident-response}', 'creator_original'),
('e0000000-0000-0000-0000-000000000040', 'd0000000-0000-0000-0000-000000000015', 'b0000000-0000-0000-0000-000000000004', 'ca000000-0000-0000-0000-000000000001', 'c0000000-0000-0000-0000-000000000001', 'Chain of custody in forensics ensures:', 'multiple_choice', '[{"id":"a","text":"Evidence encryption"},{"id":"b","text":"Documenting who handled evidence and when"},{"id":"c","text":"Evidence deletion"},{"id":"d","text":"Public sharing"}]', '{b}', 'Chain of custody documents every handler, ensuring integrity for legal proceedings.', 2, '{forensics,chain-of-custody}', 'creator_original'),
('e0000000-0000-0000-0000-000000000041', 'd0000000-0000-0000-0000-000000000017', 'b0000000-0000-0000-0000-000000000005', 'ca000000-0000-0000-0000-000000000001', 'c0000000-0000-0000-0000-000000000001', 'Which document provides MANDATORY rules?', 'multiple_choice', '[{"id":"a","text":"Guideline"},{"id":"b","text":"Policy"},{"id":"c","text":"Standard"},{"id":"d","text":"Procedure"}]', '{b}', 'Policies are mandatory. Standards define requirements. Guidelines are recommendations.', 2, '{governance,policy}', 'creator_original'),
('e0000000-0000-0000-0000-000000000042', 'd0000000-0000-0000-0000-000000000017', 'b0000000-0000-0000-0000-000000000005', 'ca000000-0000-0000-0000-000000000001', 'c0000000-0000-0000-0000-000000000001', 'Least privilege means:', 'multiple_choice', '[{"id":"a","text":"All users get admin access"},{"id":"b","text":"Minimum access needed for the job"},{"id":"c","text":"Access based on seniority"},{"id":"d","text":"No controls for temp workers"}]', '{b}', 'Least privilege gives users only minimum necessary permissions.', 1, '{governance,least-privilege}', 'creator_original'),
('e0000000-0000-0000-0000-000000000043', 'd0000000-0000-0000-0000-000000000018', 'b0000000-0000-0000-0000-000000000005', 'ca000000-0000-0000-0000-000000000001', 'c0000000-0000-0000-0000-000000000001', 'Purchasing insurance is which risk response?', 'multiple_choice', '[{"id":"a","text":"Risk avoidance"},{"id":"b","text":"Risk mitigation"},{"id":"c","text":"Risk transference"},{"id":"d","text":"Risk acceptance"}]', '{c}', 'Risk transference shifts financial impact to a third party.', 2, '{risk-management}', 'creator_original'),
('e0000000-0000-0000-0000-000000000044', 'd0000000-0000-0000-0000-000000000018', 'b0000000-0000-0000-0000-000000000005', 'ca000000-0000-0000-0000-000000000001', 'c0000000-0000-0000-0000-000000000001', 'Quantitative risk assessment uses:', 'multiple_choice', '[{"id":"a","text":"High/Medium/Low ratings"},{"id":"b","text":"Numerical values (ALE, SLE, ARO)"},{"id":"c","text":"Expert opinions only"},{"id":"d","text":"Threat feeds"}]', '{b}', 'Quantitative uses SLE x ARO = ALE. Qualitative uses subjective ratings.', 3, '{risk-management}', 'creator_original'),
('e0000000-0000-0000-0000-000000000045', 'd0000000-0000-0000-0000-000000000018', 'b0000000-0000-0000-0000-000000000005', 'ca000000-0000-0000-0000-000000000001', 'c0000000-0000-0000-0000-000000000001', 'A risk register is:', 'multiple_choice', '[{"id":"a","text":"Firewall rules"},{"id":"b","text":"A document tracking risks and their treatment"},{"id":"c","text":"User access log"},{"id":"d","text":"Scanner output"}]', '{b}', 'A risk register tracks identified risks, their likelihood, impact, and treatment.', 2, '{risk-management}', 'creator_original'),
('e0000000-0000-0000-0000-000000000046', 'd0000000-0000-0000-0000-000000000019', 'b0000000-0000-0000-0000-000000000005', 'ca000000-0000-0000-0000-000000000001', 'c0000000-0000-0000-0000-000000000001', 'GDPR primarily protects:', 'multiple_choice', '[{"id":"a","text":"US IP"},{"id":"b","text":"Personal data of EU residents"},{"id":"c","text":"Military info"},{"id":"d","text":"Bank data"}]', '{b}', 'GDPR protects personal data of EU residents.', 2, '{compliance,gdpr}', 'creator_original'),
('e0000000-0000-0000-0000-000000000047', 'd0000000-0000-0000-0000-000000000019', 'b0000000-0000-0000-0000-000000000005', 'ca000000-0000-0000-0000-000000000001', 'c0000000-0000-0000-0000-000000000001', 'PCI DSS applies to organizations that:', 'multiple_choice', '[{"id":"a","text":"Handle classified data"},{"id":"b","text":"Process credit card data"},{"id":"c","text":"Operate in healthcare"},{"id":"d","text":"Develop open-source"}]', '{b}', 'PCI DSS applies to entities processing, storing, or transmitting cardholder data.', 2, '{compliance,pci-dss}', 'creator_original'),
('e0000000-0000-0000-0000-000000000048', 'd0000000-0000-0000-0000-000000000020', 'b0000000-0000-0000-0000-000000000005', 'ca000000-0000-0000-0000-000000000001', 'c0000000-0000-0000-0000-000000000001', 'Most effective way to test security awareness?', 'multiple_choice', '[{"id":"a","text":"Annual written exam"},{"id":"b","text":"Simulated phishing campaigns"},{"id":"c","text":"Security posters"},{"id":"d","text":"Block all external email"}]', '{b}', 'Simulated phishing tests real-world behavior and identifies who clicks.', 2, '{security-awareness}', 'creator_original'),
('e0000000-0000-0000-0000-000000000049', 'd0000000-0000-0000-0000-000000000003', 'b0000000-0000-0000-0000-000000000001', 'ca000000-0000-0000-0000-000000000001', 'c0000000-0000-0000-0000-000000000001', 'A key component of change management is:', 'multiple_choice', '[{"id":"a","text":"Implementing changes immediately"},{"id":"b","text":"Documenting, testing, and approving before implementation"},{"id":"c","text":"Only during business hours"},{"id":"d","text":"Any employee can make changes"}]', '{b}', 'Change management requires documentation, testing, and approval before production.', 2, '{change-management}', 'creator_original'),
('e0000000-0000-0000-0000-000000000050', 'd0000000-0000-0000-0000-000000000016', 'b0000000-0000-0000-0000-000000000004', 'ca000000-0000-0000-0000-000000000001', 'c0000000-0000-0000-0000-000000000001', 'SOAR platforms are designed to:', 'multiple_choice', '[{"id":"a","text":"Replace all human analysts"},{"id":"b","text":"Automate and orchestrate security incident response"},{"id":"c","text":"Only scan vulnerabilities"},{"id":"d","text":"Provide VPN access"}]', '{b}', 'SOAR automates repetitive security tasks and orchestrates IR workflows.', 3, '{automation,soar}', 'creator_original');
